City_ID,City,Lat,Lng,Max Temp,Humidity,Cloudiness,Wind Speed,Country,Date
0,port mathurin,-19.6833,63.4167,21.96,79,30,6.45,MU,1721776965
1,chonchi,-42.6128,-73.8092,8.4,87,96,1.99,CL,1721776966
2,waitangi,-43.9535,-176.5597,9.34,99,100,4.92,NZ,1721776967
3,ribeira grande,38.5167,-28.7,23.21,83,4,3.13,PT,1721776967
4,adamstown,-25.066,-130.1015,18.77,65,90,10.59,PN,1721776968
5,margaret river,-33.95,115.0667,12.71,67,93,7.12,AU,1721776968
6,port victoria,0.0939,33.9756,21.23,77,100,2.13,KE,1721776815
7,tazovsky,67.4667,78.7,7.68,68,95,6.68,RU,1721776969
8,hithadhoo,-0.6,73.0833,28.71,74,100,4.04,MV,1721776970
9,isafjordur,66.0755,-23.124,9.1,94,100,3.39,IS,1721776970
10,richards bay,-28.783,32.0377,18.41,87,23,3.88,ZA,1721776971
11,cabo san lucas,22.8909,-109.9124,32.17,57,0,4.63,MX,1721776972
12,enewetak,11.3474,162.3373,28.44,77,21,6.01,MH,1721776972
13,benjamin aceval,-24.9667,-57.5667,23.11,37,76,2.04,PY,1721776973
14,ta`u,-14.2336,-169.5144,26.89,67,87,8.76,AS,1721776973
15,sumbawa besar,-8.5,117.4333,21.81,90,30,1.54,ID,1721776974
16,alo,6.5486,4.2686,24.35,87,77,3.48,NG,1721776975
17,anadyr,64.75,177.4833,18.28,63,0,8.0,RU,1721776975
18,bethel,41.3712,-73.414,23.64,87,100,2.06,US,1721776772
19,tura,25.5198,90.2201,24.93,96,100,2.42,IN,1721776748
20,sarmiento,-45.5882,-69.07,10.93,57,59,3.24,AR,1721776796
21,port-aux-francais,-49.35,70.2167,2.54,98,100,12.12,TF,1721776977
22,tralee,52.2704,-9.7026,14.54,90,99,1.68,IE,1721776942
23,puerto ayora,-0.7393,-90.3518,21.42,92,89,2.24,EC,1721776978
24,hasaki,35.7333,140.8333,31.27,82,88,4.56,JP,1721776979
25,causeni,46.6442,29.4139,23.57,53,61,2.93,MD,1721776980
26,badger,64.8,-147.5333,29.95,38,40,2.57,US,1721776980
27,luorong,24.4058,109.6086,26.43,90,96,0.07,CN,1721776981
28,west island,-12.1568,96.8225,25.99,73,75,4.12,CC,1721776981
29,serang,-6.1149,106.1502,22.25,84,21,0.71,ID,1721776982
30,ushuaia,-54.8,-68.3,3.81,81,75,18.52,AR,1721776915
31,puerto natales,-51.7236,-72.4875,3.83,77,98,6.07,CL,1721776984
32,lihue,21.9789,-159.3672,26.77,81,75,6.17,US,1721776984
33,p'ot'i,42.1462,41.672,22.81,88,0,1.29,GE,1721776985
34,arraial do cabo,-22.9661,-42.0278,18.98,82,0,2.57,BR,1721776985
35,nagqu,31.5,92.0,5.91,88,100,1.82,CN,1721776986
36,kourou,5.1552,-52.6478,28.03,87,66,3.34,GF,1721776986
37,invercargill,-46.4,168.35,10.01,74,78,2.24,NZ,1721776987
38,blackmans bay,-43.0167,147.3167,12.07,55,92,0.89,AU,1721776987
39,bhamo,24.2667,97.2333,24.11,99,100,0.15,MM,1721776988
40,sishui,35.6489,117.2758,28.88,86,100,1.73,CN,1721776988
41,san patricio,28.017,-97.5169,28.97,62,66,6.46,US,1721776989
42,pleiku,13.9833,108.0,20.25,98,100,5.72,VN,1721776990
43,fukuecho,32.6881,128.8419,29.2,94,75,5.14,JP,1721776990
44,bornu yassu,12.2774,12.5552,27.23,69,93,4.96,NG,1721776933
45,tefe,-3.3542,-64.7114,28.06,61,40,0.0,BR,1721776991
46,saipan,15.1355,145.701,28.39,83,75,3.6,MP,1721776992
47,port lincoln,-34.7333,135.8667,14.55,49,94,11.58,AU,1721776992
48,vryburg,-26.9566,24.7284,8.65,19,24,3.04,ZA,1721776993
49,yellowknife,62.456,-114.3525,29.67,45,75,3.6,CA,1721776993
50,wailua homesteads,22.0669,-159.378,26.44,89,75,6.17,US,1721776995
51,khandyga,62.6667,135.6,20.79,72,99,1.05,RU,1721776996
52,hawaiian paradise park,19.5933,-154.9731,25.73,91,100,4.63,US,1721776996
53,iskateley,67.6803,53.1512,7.83,87,5,2.92,RU,1721776997
54,nizhneangarsk,55.7833,109.55,15.38,83,97,1.86,RU,1721776997
55,jeddah,21.5169,39.2192,33.92,43,0,2.06,SA,1721776998
56,lewistown,40.5992,-77.5714,28.44,100,100,0.83,US,1721776998
57,hirara,24.8,125.2833,27.92,94,75,13.38,JP,1721776999
58,dwarka,22.2394,68.9678,27.72,87,100,9.54,IN,1721777000
59,afaahiti,-17.75,-149.2833,25.93,74,55,7.29,PF,1721777001
60,orda,57.1951,56.9091,12.18,95,100,1.93,RU,1721777001
61,college,64.8569,-147.8028,29.99,37,20,2.57,US,1721777002
62,retreat,38.8245,-85.8533,30.18,52,60,0.89,US,1721777002
63,albany,42.6001,-73.9662,25.57,81,76,1.08,US,1721777003
64,dinhata,26.1333,89.4667,26.74,91,100,3.43,IN,1721777003
65,utrik,11.2278,169.8474,27.9,75,26,6.25,MH,1721776873
66,capao bonito,-24.0058,-48.3494,12.79,78,44,2.15,BR,1721777005
67,haiku-pauwela,20.9219,-156.3051,30.09,69,40,12.86,US,1721777005
68,atafu village,-8.5421,-172.5159,27.77,80,56,7.27,TK,1721777006
69,tiksi,71.6872,128.8694,7.4,64,26,1.67,RU,1721777006
70,longyearbyen,78.2186,15.6401,8.91,93,75,0.51,SJ,1721777007
71,ilulissat,69.2167,-51.1,7.01,87,75,2.06,GL,1721777007
72,st. john's,47.5649,-52.7093,20.15,64,75,6.17,CA,1721776832
73,udachny,66.4167,112.4,11.88,52,95,5.78,RU,1721777008
74,khandud,36.9513,72.318,15.78,59,18,2.65,AF,1721777009
75,brandon,27.9378,-82.2859,31.61,84,100,7.2,US,1721776772
76,taoudenni,22.6783,-3.9836,39.73,20,0,3.97,ML,1721777010
77,saudarkrokur,65.7461,-19.6394,11.38,87,100,7.18,IS,1721777011
78,alice springs,-23.7,133.8833,13.75,30,0,3.09,AU,1721776755
79,isla cristina,37.2,-7.3167,26.32,48,0,0.69,ES,1721777012
80,dakhla,23.6848,-15.958,19.37,93,6,6.05,EH,1721777012
81,xam nua,20.4197,104.0439,20.56,100,100,0.73,LA,1721777013
82,luderitz,-26.6481,15.1594,12.31,78,10,4.28,NA,1721777014
83,bredasdorp,-34.5322,20.0403,10.12,76,98,2.74,ZA,1721777015
84,isangel,-19.55,169.2667,23.06,78,75,2.06,VU,1721777016
85,weno,7.4515,151.8468,27.97,89,100,0.0,FM,1721777016
86,carbonear,47.7332,-53.2148,20.41,68,100,4.06,CA,1721777017
87,punta arenas,-53.15,-70.9167,4.06,75,40,16.46,CL,1721776826
88,saint-pierre,-21.3393,55.4781,19.82,56,0,3.09,RE,1721777018
89,sarina,-21.4333,149.2167,21.73,1,39,4.9,AU,1721777019
90,hermanus,-34.4187,19.2345,8.78,79,80,4.43,ZA,1721777019
91,georgetown,5.4112,100.3354,27.96,78,20,1.03,MY,1721777020
92,aasiaat,68.7098,-52.8699,3.78,94,51,3.16,GL,1721776755
93,scarborough,54.2797,-0.4044,13.14,90,93,0.66,GB,1721776860
94,harnai,30.1005,67.9374,30.07,58,78,1.05,PK,1721777021
95,thompson,55.7435,-97.8558,24.09,33,40,3.09,CA,1721777022
96,tokar,18.4254,37.729,33.03,40,100,12.26,SD,1721777022
97,ramban,33.25,75.25,22.8,88,35,1.79,IN,1721777023
98,grytviken,-54.2811,-36.5092,-6.84,77,25,7.02,GS,1721777023
99,prince albert,53.2001,-105.7677,22.97,73,75,4.12,CA,1721777024
100,inarajan village,13.2736,144.7484,30.78,89,100,4.96,GU,1721777025
101,khanty-mansiysk,61.0042,69.0019,15.06,58,0,4.0,RU,1721777026
102,iskushuban,10.2837,50.23,27.66,54,100,10.57,SO,1721777026
103,morant bay,17.8815,-76.4093,31.79,80,5,5.49,JM,1721777027
104,nova sintra,14.8667,-24.7167,24.25,82,97,5.25,CV,1721777027
105,labytnangi,66.6572,66.4183,8.27,71,63,3.49,RU,1721777028
106,susuman,62.7833,148.1667,19.34,74,100,1.9,RU,1721777028
107,edinburgh of the seven seas,-37.0676,-12.3116,14.86,86,99,18.85,SH,1721777029
108,les sables-d'olonne,46.6667,-1.8333,14.44,90,12,2.7,FR,1721777029
109,tolanaro,-25.0319,46.9987,19.04,94,75,4.12,MG,1721777031
110,holualoa,19.6228,-155.9522,28.08,73,20,5.14,US,1721777031
111,esil,51.9556,66.4042,14.6,82,91,3.92,KZ,1721777032
112,magadan,59.5667,150.8,16.94,79,99,0.92,RU,1721777033
113,bilibino,68.0546,166.4372,16.06,95,100,1.39,RU,1721777033
114,az zulfi,26.2995,44.8154,30.12,15,47,3.25,SA,1721777034
115,kiruna,67.8557,20.2251,9.51,100,51,1.54,SE,1721777035
116,montmagny,48.9734,2.3469,17.79,76,100,2.57,FR,1721777035
117,lubang,13.8584,120.124,28.74,83,100,12.08,PH,1721777036
118,guiuan,11.0333,125.7247,29.03,73,100,4.88,PH,1721777036
119,gamboula,4.1178,15.1393,20.89,90,83,0.61,CF,1721777037
120,cadale,2.7603,46.3222,24.65,87,93,7.47,SO,1721777037
121,kayangel,8.0823,134.7173,26.67,86,100,4.45,PW,1721777038
122,aoulef,26.9667,1.0833,38.95,8,1,6.59,DZ,1721777038
123,lompoc,34.6391,-120.4579,28.66,60,0,5.66,US,1721777039
124,rantepao,-2.9701,119.8978,19.43,98,100,0.35,ID,1721777040
125,berezovyy,51.6667,135.7,16.66,89,90,0.61,RU,1721777040
126,ondjiva,-17.0667,15.7333,14.02,17,0,2.06,AO,1721777041
127,cidreira,-30.1811,-50.2056,16.38,91,83,3.95,BR,1721777041
128,brisas de zicatela,15.8369,-97.0419,29.23,71,100,1.61,MX,1721777042
129,jamestown,42.097,-79.2353,25.77,66,100,1.54,US,1721777042
130,chibuto,-24.6867,33.5306,17.9,81,12,3.85,MZ,1721777043
131,itacoatiara,-3.1431,-58.4442,27.71,50,21,0.72,BR,1721777044
132,sinabang,2.4803,96.3801,26.98,85,84,2.38,ID,1721777044
133,karagandy,49.8019,73.1021,15.97,70,79,1.37,KZ,1721777045
134,mubi,10.2676,13.2644,21.8,93,97,0.48,NG,1721777045
135,wewak,-3.5534,143.6268,25.57,93,100,6.09,PG,1721777046
136,kingston,17.997,-76.7936,31.53,66,20,8.75,JM,1721776930
137,keflavik,64.0049,-22.5624,10.95,100,100,8.75,IS,1721777047
138,dudinka,69.4058,86.1778,11.51,54,100,10.53,RU,1721777048
139,lebyazh'ye,55.2689,66.4947,12.25,94,100,5.2,RU,1721777049
140,hiratacho,35.4333,132.8167,28.01,89,75,3.09,JP,1721777049
141,valdosta,30.8327,-83.2785,31.95,71,0,4.12,US,1721777050
142,talnakh,69.4865,88.3972,13.36,58,100,1.34,RU,1721777050
143,ust-nera,64.5667,143.2,21.8,65,89,2.33,RU,1721777051
144,dan khun thot,15.2085,101.7714,25.42,77,100,6.87,TH,1721777051
145,avarua,-21.2078,-159.775,25.03,73,30,3.6,CK,1721777052
146,tucumcari,35.1717,-103.725,32.75,23,20,4.12,US,1721777022
147,cockburn town,21.4612,-71.1419,28.17,81,3,9.53,TC,1721776861
148,sitka,57.0531,-135.33,12.94,88,100,1.54,US,1721777053
149,papao,-17.75,-149.55,26.82,71,15,7.68,PF,1721777054
150,rawatbhata,24.9333,75.5833,26.9,88,100,5.88,IN,1721777055
151,tomatlan,19.9333,-105.25,28.45,75,100,0.2,MX,1721777055
152,diamantina,-18.2494,-43.6003,13.31,65,1,2.71,BR,1721777056
153,ponta delgada,37.7333,-25.6667,23.4,78,75,3.6,PT,1721777056
154,el alto,-4.2714,-81.2147,18.81,77,22,7.45,PE,1721776993
155,san antonio,29.4241,-98.4936,30.26,71,100,3.09,US,1721776671
156,daru,-9.0763,143.2092,25.31,87,83,7.68,PG,1721777058
157,kodiak,57.79,-152.4072,11.73,100,100,1.54,US,1721777058
158,toba,34.4833,136.85,30.0,83,100,2.08,JP,1721777059
159,fort mcmurray,56.7268,-111.381,26.77,57,100,3.09,CA,1721777037
160,vila do maio,15.1333,-23.2167,25.44,82,99,3.56,CV,1721777060
161,alofi,-19.0595,-169.9187,25.94,69,75,6.69,NU,1721777061
162,brigantine,39.4101,-74.3646,27.86,79,88,5.09,US,1721777062
163,iqaluit,63.7506,-68.5145,15.85,41,75,6.71,CA,1721777062
164,santiago de cao,-7.9589,-79.2392,17.07,88,5,4.63,PE,1721777063
165,auburn,47.3073,-122.2284,26.23,45,20,4.63,US,1721777063
166,qaqortoq,60.7167,-46.0333,5.57,95,100,1.01,GL,1721777064
167,pimenta bueno,-11.6725,-61.1936,25.23,28,15,1.29,BR,1721777065
168,jiayuguan,39.8167,98.3,17.99,48,0,1.33,CN,1721777065
169,colares,38.7992,-9.4469,22.82,74,1,0.45,PT,1721777066
170,olonkinbyen,70.9221,-8.7187,4.44,92,100,7.2,SJ,1721777066
171,carnarvon,-24.8667,113.6333,14.96,72,15,6.74,AU,1721777067
172,constantia,44.1833,28.65,21.38,49,35,4.25,RO,1721777067
173,korla,41.7597,86.1469,27.15,30,2,2.45,CN,1721777068
174,wanning,18.8003,110.3967,26.11,88,100,2.72,CN,1721777068
175,saint-philippe,-21.3585,55.7679,19.77,77,38,3.11,RE,1721777069
176,basco,20.4487,121.9702,29.02,86,100,19.51,PH,1721777070
177,moose jaw,50.4001,-105.5344,28.15,65,0,10.29,CA,1721776982
178,at taj,24.2049,23.2857,30.45,16,85,3.46,LY,1721777071
179,deqen,29.9618,90.7188,10.12,95,100,1.64,CN,1721777071
180,altayskoye,51.9533,85.3325,15.87,90,5,2.2,RU,1721777072
181,ciudad bolivar,8.1222,-63.5497,25.91,88,97,3.48,VE,1721777072
182,remire-montjoly,4.9167,-52.2667,28.02,78,0,2.06,GF,1721777073
183,chapaev,50.2,51.1667,19.55,71,98,4.28,KZ,1721777073
184,stanley,54.868,-1.6985,13.01,91,0,1.03,GB,1721777074
185,acarau,-2.8856,-40.12,25.84,82,11,8.64,BR,1721777075
186,nar'yan-mar,67.6713,53.087,7.77,87,4,2.98,RU,1721777076
187,harstad,68.799,16.5293,13.66,97,100,6.71,NO,1721777076
188,petropavlovsk-kamchatsky,53.0452,158.6483,11.33,100,100,4.0,RU,1721777077
189,temara,33.9287,-6.9066,24.68,88,62,0.0,MA,1721777077
190,norilsk,69.3535,88.2027,12.27,60,100,1.86,RU,1721777078
191,tabou,4.423,-7.3528,24.59,81,74,3.72,CI,1721777079
192,muriti,-1.9833,32.9167,22.99,67,5,3.12,TZ,1721777080
193,pembroke,45.8168,-77.1162,25.66,50,91,3.29,CA,1721776954
194,sainte-livrade-sur-lot,44.3993,0.5912,22.06,93,2,2.39,FR,1721777081
195,shirgaon,19.7,72.7,26.85,88,100,9.29,IN,1721777081
196,santa ana,33.7456,-117.8678,36.28,48,20,5.14,US,1721777082
197,guerrero negro,27.9769,-114.0611,24.83,61,100,7.42,MX,1721777082
198,mount gambier,-37.8333,140.7667,10.76,53,100,5.75,AU,1721777083
199,prince rupert,54.3161,-130.3201,14.83,90,100,7.72,CA,1721777083
200,makakilo city,21.3469,-158.0858,29.2,61,40,8.23,US,1721777084
201,mount isa,-20.7333,139.5,16.87,42,21,0.0,AU,1721777085
202,suva,-18.1416,178.4415,26.71,74,75,4.63,FJ,1721777085
203,sampit,-2.5333,112.95,23.08,98,74,0.82,ID,1721777086
204,vorgashor,67.5833,63.95,7.17,74,20,3.45,RU,1721777087
205,luanda,-8.8368,13.2343,21.0,88,1,4.12,AO,1721777087
206,chagoda,59.164,35.3285,13.71,74,3,0.25,RU,1721777088
207,peace river,56.2501,-117.286,23.17,30,0,8.75,CA,1721777088
208,kalengwa,-13.4659,25.0027,13.18,27,0,2.38,ZM,1721777089
209,port blair,11.6667,92.75,28.02,89,75,4.12,IN,1721777090
210,kununurra,-15.7667,128.7333,14.99,82,16,0.0,AU,1721776972
211,valparaiso,-33.0393,-71.6273,13.89,62,20,1.03,CL,1721776837
212,praia da vitoria,38.7333,-27.0667,23.2,83,20,2.51,PT,1721777091
213,sosnovo-ozerskoye,52.5249,111.5418,17.35,86,21,2.38,RU,1721777092
214,fortuna,40.5982,-124.1573,21.07,66,0,6.69,US,1721777092
215,swift current,50.2834,-107.8014,36.45,20,0,2.57,CA,1721777093
216,kitimat,54.0524,-128.6534,14.21,94,100,1.35,CA,1721777093
217,tsiombe,-25.3,45.4833,18.98,75,0,4.46,MG,1721777094
218,todos santos,23.45,-110.2167,34.06,78,10,2.16,MX,1721777095
219,vadso,70.0744,29.7487,18.49,63,93,2.57,NO,1721777095
220,serhiyivka,46.0272,30.3768,24.4,46,91,6.51,UA,1721777096
221,pacific grove,36.6177,-121.9166,26.8,67,0,3.6,US,1721777096
222,nouadhibou,20.931,-17.0347,20.7,90,55,0.65,MR,1721777097
223,yurty,56.0498,97.6348,15.87,98,100,6.05,RU,1721777097
224,naolinco de victoria,19.65,-96.85,18.16,100,100,0.72,MX,1721777098
225,buka,40.8108,69.1986,25.62,25,0,1.45,UZ,1721777098
226,goba,7.0167,39.9833,10.59,89,91,2.12,ET,1721777099
227,freetown,8.484,-13.2299,25.31,83,86,4.77,SL,1721777100
228,murghob,38.1702,73.9667,11.58,41,100,1.3,TJ,1721777100
229,chanute,37.6792,-95.4572,32.06,40,0,0.0,US,1721777101
230,tovuz,40.9922,45.6289,23.5,61,22,3.54,AZ,1721777101
231,deori khas,23.4,79.0167,24.91,93,100,5.33,IN,1721777102
232,pikalevo,59.5183,34.1664,10.96,68,0,1.84,RU,1721777102
233,al lagowa,11.4,29.1333,22.58,85,95,1.51,SD,1721777103
234,gounou gaya,9.6294,15.5132,22.7,91,100,1.56,TD,1721777103
235,portland,45.5234,-122.6762,29.27,41,0,5.14,US,1721776936
236,weatherford,32.7593,-97.7972,31.27,58,97,1.79,US,1721777105
237,middle island,40.8843,-72.9373,24.69,91,100,2.06,US,1721777105
238,coari,-4.085,-63.1414,27.56,49,38,0.31,BR,1721777106
239,thurgoona,-36.0451,146.9919,9.81,100,100,1.49,AU,1721777106
240,taroa,8.7058,171.2275,28.12,80,28,5.37,MH,1721777107
241,puerto aysen,-45.4,-72.7,9.59,99,99,2.62,CL,1721777107
242,huatabampo,26.8333,-109.6333,33.18,56,59,5.75,MX,1721777108
243,nakonde,-9.3421,32.745,11.22,58,0,2.26,ZM,1721777108
244,castlebar,53.85,-9.3,14.07,95,82,1.13,IE,1721777109
245,north bend,43.4065,-124.2243,23.32,67,0,12.86,US,1721776958
246,la passe,45.5549,-0.8967,19.13,89,9,3.58,FR,1721777110
247,varadero,23.1536,-81.2514,30.42,81,7,7.78,CU,1721776829
248,monrovia,6.3005,-10.7969,24.87,81,97,4.97,LR,1721777111
249,port alfred,-33.5906,26.891,13.43,93,5,1.34,ZA,1721777112
250,minas de marcona,-15.2119,-75.1103,11.31,84,11,6.2,PE,1721777112
251,matoury,4.8483,-52.3317,27.98,78,0,2.06,GF,1721777113
252,santa marta de ortigueira,43.6833,-7.85,20.7,93,3,0.45,ES,1721777113
253,port elizabeth,-33.918,25.5701,14.62,86,0,4.63,ZA,1721777114
254,rangia,26.4667,91.6333,27.97,97,99,1.53,IN,1721777115
255,sutherlin,43.3901,-123.3126,31.71,28,0,4.63,US,1721777115
256,bardai,11.65,7.2333,21.5,96,78,2.84,NG,1721777116
257,radashkovichy,54.1551,27.2424,19.13,71,95,2.45,BY,1721777116
258,ghadamis,30.1337,9.5007,28.4,43,0,7.69,LY,1721777117
259,francistown,-21.17,27.5079,15.36,33,0,1.64,BW,1721777117
260,verkhnevilyuysk,63.4453,120.3167,14.45,49,77,3.87,RU,1721777118
261,aykhal,66.0,111.5,11.22,56,100,6.26,RU,1721777118
262,malindi,-3.2175,40.1191,24.37,82,42,5.74,KE,1721777119
263,geraldton,-28.7667,114.6,7.23,93,5,3.09,AU,1721777120
264,taltal,-25.4,-70.4833,15.59,63,0,1.97,CL,1721777120
265,filey,54.21,-0.2892,13.21,89,92,1.08,GB,1721777121
266,beipiao,41.7919,120.7792,25.17,73,35,1.82,CN,1721777122
267,flying fish cove,-10.4217,105.6791,23.82,78,75,3.09,CX,1721777123
268,shatrovo,56.5167,64.6333,12.84,82,100,4.16,RU,1721777124
269,gaalkacyo,6.7697,47.4308,24.27,71,93,9.61,SO,1721777124
270,sinop,41.7711,34.8709,18.54,78,2,1.79,TR,1721777125
271,tateyama,34.9833,139.8667,27.08,86,99,7.63,JP,1721777125
272,mocimboa,-11.3167,40.35,19.9,84,3,3.54,MZ,1721777126
273,chorbane,35.2858,10.3858,24.94,57,0,7.89,TN,1721777126
274,cheney,47.4874,-117.5758,31.25,16,20,4.12,US,1721777127
275,santiago,-33.4569,-70.6483,12.02,74,75,1.03,CL,1721776743
276,chinsali,-10.5414,32.0816,13.23,42,0,2.74,ZM,1721777128
277,vilyuchinsk,52.9306,158.4028,12.15,92,100,2.32,RU,1721777129
278,east london,-33.0153,27.9116,15.87,62,0,5.79,ZA,1721777129
279,chul'man,56.8479,124.9104,19.82,65,1,1.36,RU,1721777130
280,karratha,-20.7377,116.8463,17.66,80,1,3.21,AU,1721777130
281,turpan,42.9333,89.1667,32.92,19,0,2.82,CN,1721777131
282,hotan,37.0997,79.9269,26.55,26,76,1.01,CN,1721777131
283,severnoye,56.3491,78.3619,16.44,98,100,3.84,RU,1721777132
284,west bay,19.3667,-81.4167,31.14,70,20,5.14,KY,1721777132
285,santa sylvina,-27.8326,-61.1375,23.25,34,99,3.79,AR,1721777133
286,san lorenzo,-25.3333,-57.5333,22.55,64,100,3.13,PY,1721777035
287,grand falls-windsor,48.9332,-55.6649,17.06,58,69,3.57,CA,1721777134
288,huarmey,-10.0681,-78.1522,18.22,79,12,5.47,PE,1721777135
289,mariental,-24.6333,17.9667,11.46,12,5,3.69,NA,1721777135
290,severinia,-20.8094,-48.8028,20.54,26,0,1.86,BR,1721777136
291,papatowai,-46.5619,169.4708,11.91,59,94,4.47,NZ,1721777136
292,ramnagar,29.4,79.1167,25.6,81,82,1.61,IN,1721777137
293,nyasvizh,53.2181,26.6725,19.48,69,96,2.37,BY,1721777137
294,tshabong,-26.05,22.45,11.72,9,12,3.73,BW,1721777138
295,saint-francois,46.4154,3.9054,18.15,100,75,2.06,FR,1721777138
296,hamilton,39.1834,-84.5333,29.38,58,0,3.58,US,1721776787
297,necochea,-38.5473,-58.7368,13.6,72,42,3.96,AR,1721777140
298,jerome,42.7241,-114.5186,37.6,24,0,2.06,US,1721777140
299,kargasok,59.0556,80.8572,13.02,84,95,3.26,RU,1721777141
300,hadibu,12.65,54.0333,26.14,81,100,6.4,YE,1721777141
301,yaren,-0.5472,166.916,28.73,69,100,6.22,NR,1721777142
302,pisco,-13.7,-76.2167,17.03,82,0,7.2,PE,1721777142
303,beloyarskiy,63.7119,66.6722,10.82,73,100,2.84,RU,1721777143
304,larne,54.85,-5.8167,14.98,82,87,2.1,GB,1721777143
305,dolbeau-mistassini,48.8763,-72.212,21.26,65,68,1.53,CA,1721777144
306,mitu,1.1983,-70.1733,22.9,96,77,0.77,CO,1721777145
307,la libertad,-2.2333,-80.9,22.81,78,20,4.63,EC,1721777146
308,inari,68.906,27.0288,14.11,67,30,2.17,FI,1721777146
309,northam,51.0333,-4.2167,15.34,95,100,1.79,GB,1721777147
310,burry port,51.6843,-4.2469,16.66,94,100,3.09,GB,1721777147
311,alaghsas,17.0187,8.0168,33.71,38,82,6.56,NE,1721777148
312,praya,14.9215,-23.5087,25.3,78,75,5.14,CV,1721777149
313,bossangoa,6.4926,17.4552,20.99,94,75,0.83,CF,1721777149
314,yarmouth,41.7057,-70.2286,22.76,85,75,3.09,US,1721776906
315,mahalapye,-23.1041,26.8142,16.98,21,3,3.25,BW,1721777150
316,howrah,22.5892,88.3103,28.0,94,75,2.06,IN,1721777151
317,ceelbuur,4.685,46.6176,23.87,80,77,9.14,SO,1721777151
318,taco pozo,-25.6167,-63.2833,24.5,36,89,4.62,AR,1721777152
319,polyarnyy,69.1989,33.4478,16.49,65,84,5.01,RU,1721777152
320,makoua,0.0069,15.6333,26.29,52,59,1.52,CG,1721777153
321,caluula,11.9661,50.7569,31.33,59,100,2.56,SO,1721777154
322,costa rica,-23.4167,-54.65,20.72,41,23,3.09,BR,1721776829
323,paimio,60.4567,22.6869,19.21,92,74,1.5,FI,1721777155
324,ujae,8.9322,165.7642,28.49,79,100,5.05,MH,1721777156
325,tawau,4.2498,117.8871,24.07,91,100,1.77,MY,1721777156
326,fakenham,52.83,0.8477,13.93,88,100,1.15,GB,1721777157
327,lagoa vermelha,-28.2086,-51.5258,14.03,86,75,1.83,BR,1721777158
328,parkes,-33.1333,148.1833,9.81,64,42,2.11,AU,1721777158
329,aghajari,30.7006,49.8315,34.88,18,0,2.73,IR,1721777159
330,usinsk,65.9939,57.5281,8.34,82,4,5.62,RU,1721777159
331,nuuk,64.1835,-51.7216,5.34,93,100,4.63,GL,1721777160
332,sake,-1.5736,29.045,17.01,77,28,0.17,CD,1721777160
333,nikolayevsk-on-amure,53.1406,140.73,12.82,99,100,2.07,RU,1721777161
334,sayan,-11.1361,-77.1933,21.38,51,1,1.45,PE,1721777162
335,atamyrat,37.8357,65.2106,29.67,23,0,4.74,TM,1721777162
336,posto fiscal rolim de moura,-13.0833,-62.2667,25.36,32,2,0.69,BR,1721777163
337,hami,42.8,93.45,24.7,35,0,5.12,CN,1721777163
338,moree,-29.4667,149.85,11.57,54,1,4.2,AU,1721777164
339,tevriz,57.509,72.4042,11.98,98,100,5.22,RU,1721777164
340,kikwit,-5.041,18.8162,26.07,34,28,0.22,CD,1721777165
341,persembe,41.0656,37.7714,23.68,83,2,2.74,TR,1721777165
342,shendi,16.6915,33.4341,30.06,52,96,5.02,SD,1721777166
343,jining,35.405,116.5814,28.69,89,100,2.64,CN,1721777166
344,zvecka,44.6389,20.1647,22.73,82,29,0.45,RS,1721777167
345,aroma,15.8167,36.1333,26.62,69,97,9.57,SD,1721777168
346,tofol,5.3248,163.0078,26.88,89,100,1.03,FM,1721777168
347,flin flon,54.7682,-101.865,23.91,46,75,4.12,CA,1721777169
348,al mijlad,11.0333,27.7333,25.25,70,98,3.51,SD,1721777169
349,callao,-12.0667,-77.15,19.84,84,68,5.73,PE,1721776604
350,limbazi,57.5129,24.7194,19.46,96,99,1.63,LV,1721777170
351,bikenibeu village,1.3673,173.1241,29.98,74,75,4.63,KI,1721777171
352,namibe,-15.1961,12.1522,15.3,89,38,1.53,AO,1721777171
353,verdal,63.7933,11.4817,13.02,96,100,0.72,NO,1721777172
354,arenapolis,-14.4503,-56.8461,23.69,33,28,1.57,BR,1721777172
355,sisa,-6.6167,-76.6915,24.42,79,22,1.82,PE,1721777174
356,porto novo,6.4965,2.6036,24.9,85,59,3.66,BJ,1721777035
357,port sudan,19.6175,37.2164,33.61,46,95,8.46,SD,1721777175
358,whitehorse,60.7161,-135.0538,21.43,64,100,3.6,CA,1721777175
359,howard springs,-12.497,131.047,21.95,69,42,2.87,AU,1721777176
360,kapuskasing,49.4169,-82.4331,19.05,52,100,5.14,CA,1721777176
361,woods creek,47.8787,-121.8985,24.74,46,14,1.79,US,1721777177
362,izhevsk,56.85,53.2333,14.51,86,100,3.06,RU,1721777177
363,beira,-19.8436,34.8389,18.05,94,0,1.54,MZ,1721777178
364,san andres,12.5847,-81.7006,30.01,79,20,6.17,CO,1721777179
365,thinadhoo,0.5333,72.9333,28.96,72,54,3.62,MV,1721777179
366,ballina,-28.8667,153.5667,12.66,86,54,2.75,AU,1721777180
367,salinopolis,-0.6136,-47.3561,26.48,82,55,5.65,BR,1721777180
368,findlay,41.0442,-83.6499,29.07,50,0,3.6,US,1721777181
369,vorkuta,67.5,64.0,7.35,74,28,3.43,RU,1721777181
370,lata,40.1629,-8.3327,24.95,54,0,0.63,PT,1721777182
371,bulawayo,-20.15,28.5833,14.42,29,0,2.66,ZW,1721777182
372,lospalos,-8.5186,127.0025,21.4,92,96,2.95,TL,1721777183
373,al kharijah,25.4514,30.5464,32.37,19,37,4.44,EG,1721777183
374,sheopur,25.6667,76.7,27.97,84,99,3.54,IN,1721777184
375,araxa,-19.5933,-46.9406,18.98,45,0,4.63,BR,1721777101
376,coquimbo,-29.9533,-71.3436,13.85,52,0,2.57,CL,1721777185
377,sitangkai,4.6628,119.3928,28.97,79,100,4.63,PH,1721777186
378,myitkyina,25.3833,97.4,23.64,100,100,0.57,MM,1721777186
379,crotone,39.0851,17.1178,26.77,55,0,0.86,IT,1721777187
380,baise city,23.8997,106.6133,25.07,95,73,0.95,CN,1721777187
381,new norfolk,-42.7826,147.0587,11.72,62,64,2.03,AU,1721777188
382,carutapera,-1.195,-46.02,25.99,79,74,3.26,BR,1721777188
383,nelson bay,-32.7167,152.15,12.84,80,0,0.89,AU,1721777189
384,tommot,58.9564,126.2925,21.19,71,17,1.44,RU,1721777189
385,kidal,18.4411,1.4078,32.5,43,60,4.66,ML,1721777190
386,al ghayzah,16.2079,52.176,26.29,85,99,3.5,YE,1721777191
387,lebu,-37.6167,-73.65,10.87,92,100,4.27,CL,1721777191
388,mantua,45.1667,10.7833,25.19,82,80,1.34,IT,1721777192
389,sydney mines,46.2367,-60.2177,20.75,87,75,2.57,CA,1721777192
390,domoni,-12.2569,44.5319,23.33,80,38,2.56,KM,1721777193
391,tan-tan,28.438,-11.1032,21.28,85,11,4.42,MA,1721777193
392,fougamou,-1.2154,10.5838,22.51,82,83,0.95,GA,1721777194
393,ulsteinvik,62.3432,5.8487,12.4,87,59,0.45,NO,1721777194
394,naze,28.3667,129.4833,28.51,80,90,6.31,JP,1721777195
395,karsun,54.1994,46.9827,14.75,76,95,1.89,RU,1721777196
396,peshawar,34.008,71.5785,28.08,78,40,4.12,PK,1721777196
397,caetite,-14.0694,-42.475,17.45,54,2,2.12,BR,1721777195
398,san antonio de pale,-1.4014,5.6325,22.94,85,59,4.01,GQ,1721777197
399,talcahuano,-36.7167,-73.1167,11.82,82,100,1.54,CL,1721777198
400,el granada,37.5027,-122.4694,36.05,51,20,9.26,US,1721777198
401,mata-utu,-13.2816,-176.1745,27.0,71,80,10.96,WF,1721777199
402,rongelap,11.1635,166.8941,28.16,73,26,6.83,MH,1721777199
403,mingshui,36.7167,117.5,28.08,91,100,3.17,CN,1721777200
404,bodo,67.28,14.405,13.21,98,100,4.63,NO,1721777201
405,peniche,39.3558,-9.3811,20.16,93,0,4.1,PT,1721777201
406,datong,40.0936,113.2914,25.91,56,92,1.59,CN,1721777202
407,kralendijk,12.15,-68.2667,28.99,79,20,9.77,BQ,1721777202
408,tamanrasset,22.785,5.5228,30.95,19,40,1.03,DZ,1721777203
409,mundri,-6.9558,111.71,22.42,82,91,2.3,ID,1721777203
410,kuala terengganu,5.3302,103.1408,26.97,100,20,1.54,MY,1721777204
411,taguatinga,-12.3857,-46.5711,25.07,29,2,2.09,BR,1721777204
412,rio grande,-32.035,-52.0986,15.53,89,88,3.73,BR,1721777088
413,imperatriz,-5.5264,-47.4917,28.07,37,23,1.81,BR,1721777206
414,fort bragg,35.139,-79.006,30.08,72,75,4.63,US,1721777206
415,bamboo flat,11.7,92.7167,28.05,89,75,4.12,IN,1721777207
416,breves,-1.6822,-50.4803,27.76,65,91,1.95,BR,1721777207
417,arac,41.2422,33.3277,17.26,87,0,0.69,TR,1721777208
418,puerto gaitan,4.3133,-72.0816,25.92,75,73,2.99,CO,1721777208
419,huilong,31.8111,121.655,27.38,90,73,7.09,CN,1721777106
420,fort st. john,56.2499,-120.8529,17.94,45,75,11.83,CA,1721777209
421,la'ie,21.6477,-157.9253,30.0,73,35,2.68,US,1721777210
422,takoradi,4.8845,-1.7554,23.56,88,76,4.07,GH,1721777210
423,dubovka,49.0583,44.829,19.53,92,100,1.77,RU,1721777211
424,fale old settlement,-9.3852,-171.2468,27.78,80,92,8.34,TK,1721777173
425,mejit,10.2753,170.8646,28.33,72,83,5.02,MH,1721777212
426,codrington,-38.2667,141.9667,11.31,55,100,8.63,AU,1721777213
427,ebaye,8.7748,167.7392,30.01,74,0,4.12,MH,1721777213
428,usogorsk,63.4106,48.6872,11.23,90,2,1.65,RU,1721777214
429,santana,-0.0583,-51.1817,27.1,83,40,4.12,BR,1721777214
430,caucete,-31.6518,-68.2811,15.91,35,20,4.58,AR,1721776998
431,ancud,-41.8697,-73.8203,9.66,87,85,6.57,CL,1721777215
432,bee cave,30.3085,-97.945,26.9,85,100,2.24,US,1721777216
433,bhawanipatna,19.9,83.1667,23.85,96,100,2.46,IN,1721777217
434,challapata,-18.9,-66.7667,9.66,32,6,1.62,BO,1721777217
435,port saint john's,-31.6229,29.5448,16.32,41,2,2.38,ZA,1721777218
436,rioja,-29.4111,-66.8507,14.01,55,0,2.53,AR,1721776988
437,ulladulla,-35.35,150.4667,12.93,57,100,3.43,AU,1721777219
438,labrador city,52.9463,-66.9114,16.77,52,40,2.57,CA,1721777220
439,hobyo,5.3505,48.5268,24.28,86,39,12.31,SO,1721777220
440,selfoss,63.9331,-20.9971,11.14,98,100,6.84,IS,1721777221
441,saynshand,44.8824,110.1163,21.07,63,100,7.73,MN,1721777221
442,debila,33.5167,6.95,31.04,33,0,1.54,DZ,1721777222
443,tougan,13.0667,-3.0667,26.49,76,95,4.62,BF,1721777222
444,hammerfest,70.6634,23.6821,23.25,56,0,2.06,NO,1721777223
445,kruisfontein,-34.0033,24.7314,9.38,83,62,3.64,ZA,1721777223
446,ketchikan,55.3422,-131.6461,16.99,72,100,4.12,US,1721777224
447,alta sierra,35.7291,-118.5495,35.06,25,33,4.2,US,1721777225
448,arraias,-12.9288,-46.9437,22.54,32,2,1.17,BR,1721777226
449,kosh-agach,50.0,88.6667,10.63,70,7,1.05,RU,1721777226
450,kratie,12.4881,106.0188,24.07,97,100,1.23,KH,1721777227
451,vanimo,-2.6741,141.3028,24.61,96,100,2.85,PG,1721777227
452,roskilde,55.6415,12.0803,15.94,70,20,0.51,DK,1721777228
453,mattapoisett,41.6584,-70.8161,23.44,84,100,4.47,US,1721777229
454,bereznik,62.8551,42.7072,17.66,73,55,1.47,RU,1721777229
455,delta,5.5,6.0,23.91,93,93,1.74,NG,1721777230
456,maracaibo,10.6317,-71.6406,29.95,67,56,4.62,VE,1721777120
457,aswan,24.0934,32.907,34.61,20,0,3.09,EG,1721777231
458,bandarbeyla,9.4942,50.8122,25.73,78,93,13.52,SO,1721777231
459,kavaratti,10.5669,72.642,27.88,84,100,7.99,IN,1721777232
460,brak,27.5496,14.2714,33.6,15,0,3.13,LY,1721777232
461,bonthe,7.5264,-12.505,24.97,84,88,4.71,SL,1721777233
462,laojunmiao,39.8333,97.7333,15.71,56,0,0.81,CN,1721777233
463,black river,18.0264,-77.8487,30.53,61,6,7.22,JM,1721777234
464,hampton bays,40.869,-72.5176,23.43,96,100,4.92,US,1721777235
465,kailua-kona,19.6406,-155.9956,30.15,69,20,5.14,US,1721777235
466,acapulco de juarez,16.8634,-99.8901,31.9,66,40,2.57,MX,1721777236
467,yulinshi,38.2906,109.7494,25.38,62,100,5.29,CN,1721777237
468,nuku'alofa,-21.1333,-175.2,25.19,83,40,4.63,TO,1721777238
469,vernon,50.2581,-119.2691,33.29,12,1,1.03,CA,1721777238
470,san julian,21.0167,-102.1667,21.29,62,100,3.25,MX,1721777239
471,cambria,35.5641,-121.0808,39.58,58,100,2.14,US,1721777239
472,newman,37.3138,-121.0208,43.19,12,39,4.86,US,1721777240
473,the pas,53.8251,-101.2541,25.01,47,75,5.14,CA,1721777240
474,crane,31.3974,-102.3501,31.65,28,3,4.05,US,1721777241
475,ventspils,57.3894,21.5606,18.96,88,100,1.54,LV,1721777242
476,healesville,-37.65,145.5167,13.16,69,98,3.49,AU,1721777242
477,beloretsk,53.9631,58.3981,11.67,89,100,0.94,RU,1721777243
478,tumpat,6.1978,102.171,25.99,83,20,1.54,MY,1721777243
479,solnechnyy,50.7214,136.6319,15.77,87,95,3.58,RU,1721777244
480,berbera,10.4396,45.0143,34.0,37,99,10.49,SO,1721777244
481,swakopmund,-22.6833,14.5333,9.43,85,30,0.89,NA,1721777245
482,sao joaquim,-28.2939,-49.9317,10.71,93,85,1.62,BR,1721777245
483,jidong,45.2167,131.0833,21.73,88,99,1.62,CN,1721777246
484,palikir - national government center,6.9248,158.1611,28.47,89,100,2.06,FM,1721777247
485,priozersk,61.0393,30.1291,17.27,100,0,1.31,RU,1721777095
486,correntina,-13.3433,-44.6367,21.17,41,8,1.48,BR,1721777248
487,noumea,-22.2763,166.4572,17.99,89,100,1.91,NC,1721777248
488,vilhena,-12.7406,-60.1458,22.12,46,0,2.06,BR,1721777249
489,gobernador virasora,-28.05,-56.0333,20.58,78,100,0.89,AR,1721777249
490,gadzhiyevo,69.2551,33.3362,17.07,64,84,4.53,RU,1721777250
491,behshahr,36.6923,53.5526,25.34,78,72,1.35,IR,1721777251
492,puerto iguazu,-25.5991,-54.5736,21.49,81,0,1.54,AR,1721777061
493,dunedin,-45.8742,170.5036,10.6,59,96,1.77,NZ,1721777252
494,mogocha,53.7333,119.7667,22.18,60,100,0.88,RU,1721777252
495,zhezqazghan,47.7833,67.7667,24.41,48,33,0.91,KZ,1721776967
496,turbat,26.0023,63.044,28.68,78,12,1.41,PK,1721777253
497,cuenca,-2.8833,-78.9833,15.07,55,75,2.06,EC,1721777073
498,an nuhud,12.7,28.4333,25.16,68,99,5.93,SD,1721777254
499,karachi,24.9056,67.0822,29.9,84,40,5.14,PK,1721777180
500,rawah,34.4816,41.9093,34.4,28,0,7.55,IQ,1721777256
501,mahdia,35.5047,11.0622,26.97,64,0,9.07,TN,1721777257
502,thaton,16.9206,97.3714,24.86,93,100,1.83,MM,1721777257
503,aizawl,23.7333,92.7167,22.04,98,100,1.14,IN,1721777258
504,leiyang,26.4024,112.8591,29.05,71,33,0.71,CN,1721777258
505,hell-ville,-13.4,48.2667,24.86,65,88,3.51,MG,1721777259
506,hetauda,27.4284,85.0322,27.64,92,100,1.63,NP,1721777259
507,yeraliyev,43.2,51.65,27.64,46,0,4.46,KZ,1721777260
508,kismayo,-0.3582,42.5454,24.47,83,81,5.75,SO,1721777261
509,miri,4.4148,114.0089,25.08,88,40,0.0,MY,1721777261
510,argo,37.6333,22.7333,25.44,61,43,2.54,GR,1721777262
511,kapa'a,22.0752,-159.319,27.18,86,75,6.17,US,1721777262
512,tocache,-8.1842,-76.5125,25.34,65,17,0.36,PE,1721777263
513,trubchevsk,52.5798,33.7644,13.91,82,21,2.6,RU,1721777263
514,qubadli,39.344,46.582,25.2,51,0,2.57,AZ,1721777264
515,sretensk,52.2453,117.7093,22.87,60,100,0.97,RU,1721777264
516,zeya,53.75,127.2667,24.46,59,10,0.55,RU,1721777265
517,dalbandin,28.8947,64.4101,31.5,14,93,2.72,PK,1721777265
518,thunder bay,48.4001,-89.3168,19.99,56,40,3.6,CA,1721777078
519,soio,-6.1349,12.3689,21.49,92,16,3.8,AO,1721777267
520,zhangjiakou shi xuanhua qu,40.6103,115.0447,27.2,71,97,1.11,CN,1721777267
521,embalenhle,-26.5333,29.0667,13.09,63,20,2.36,ZA,1721777268
522,laguna de perlas,12.3429,-83.6712,30.05,85,100,4.39,NI,1721777268
523,loango,-4.6719,11.8312,20.81,94,20,1.54,CG,1721777269
524,vila franca do campo,37.7167,-25.4333,23.23,85,93,1.85,PT,1721777270
525,kandri,21.4167,79.2667,25.76,95,100,3.62,IN,1721777271
526,north platte,41.1239,-100.7654,29.99,49,0,4.12,US,1721777181
527,puerto madryn,-42.7692,-65.0385,17.26,33,27,9.33,AR,1721776793
528,kerikeri,-35.2268,173.9474,13.84,89,84,0.45,NZ,1721777273
529,kill devil hills,36.0307,-75.676,29.43,85,0,4.63,US,1721777274
530,kushiro,42.975,144.3747,23.53,94,75,3.09,JP,1721777274
531,kholmsk,47.0511,142.0569,17.79,79,8,5.79,RU,1721777275
532,uturoa,-16.7333,-151.4333,25.32,71,22,7.64,PF,1721777275
533,uliastay,47.7417,96.8444,11.19,68,3,2.13,MN,1721777276
534,kristiansund,63.1115,7.732,13.4,92,100,0.51,NO,1721777276
535,belmonte,-15.8631,-38.8828,21.06,71,0,2.82,BR,1721777277
536,catriel,-37.8791,-67.7956,17.63,21,72,8.4,AR,1721777278
537,okhotsk,59.3833,143.3,18.14,74,100,1.42,RU,1721777278
538,kuacjok,8.3002,27.9903,21.23,93,95,1.68,SS,1721777279
539,lerwick,60.1545,-1.1494,12.0,87,2,1.91,GB,1721777279
540,westport,41.1415,-73.3579,24.96,83,100,4.63,US,1721777061
541,oriximina,-1.7656,-55.8661,28.45,47,38,1.41,BR,1721777280
542,krasnyy yar,46.5331,48.3456,22.96,67,93,5.11,RU,1721777281
543,serov,59.6033,60.5787,10.98,97,100,3.77,RU,1721777281
544,slave lake,55.2834,-114.769,21.99,46,20,2.06,CA,1721777282
545,aral,40.5156,81.2636,25.97,43,32,8.54,CN,1721777283
546,celestun,20.8667,-90.4,30.68,72,82,6.8,MX,1721777284
547,birjand,32.8663,59.2211,24.26,23,0,4.12,IR,1721777284
548,villa elisa,-25.3667,-57.6167,22.8,64,97,3.09,PY,1721777069
549,kataba,8.4604,-0.7732,25.73,77,69,2.25,GH,1721777285
550,new martinsville,39.6445,-80.8576,26.49,78,100,0.81,US,1721777286
551,eyl,7.9803,49.8164,25.6,74,100,11.63,SO,1721777286
552,ayr,55.4627,-4.6339,13.88,88,0,3.6,GB,1721777287
553,tazacorte,28.629,-17.9293,24.53,74,0,6.69,ES,1721777287
554,casper,42.8666,-106.3131,34.84,14,0,2.24,US,1721777174
